ID,Name
03706e4d1d7f485fb17402c595c6e3d2,lainey3eb
17967ba07eb34cc79ad594431228c338,Taylor Kayatta
19957d9ac36645bf852a590e3811b3b9,Elena
3c3c739abd6e4e0a9ba6416c9117d31f,Jason
40c82386fde649698175204b126c1f48,Zach
67fe1cffda694745974eb225b9d15163,Michael Sugar
72709537a22a42a1bc2e568388f62c77,Anthony Ng
84e02d9c2cb24915b202e3e4878d3fd6,Es
8e89c17884874f70b85ac9e4dcf5e8ef,Brandon Nohara
8f417b39dd2c4db190f99a5c65de0d17,Yorick
afc1d91d06b64051a87d5d20093c63a4,Richelle Ashley
cb32b95f19b94a969db5e02c6102bb00,rhynus
d579eca837054affaad1fb650f3f5155,Olaf Schoeman
f2c7860442964a8aa327c08f81ce884e,Happy Lucky
